FORMAN	HOLMES	SHERLOCK HOLMES
FORMAN	WATSON	DOCTOR WATSON
FORMAN	HOLMES	SHERLOCK HOLMES
FORMAN	WATSON	DOCTOR WATSON
WATSON	HOLMES	SHERLOCK HOLMES
WATSON	HOLMES	HOLMES
LESTRADE	HOLMES	MR. HOLMES
LESTRADE	WATSON	DOCTOR WATSON
HOLMES	LESTRADE	MY DEAR FELLOW
LESTRADE	HOLMES	MR. HOLMES
LESTRADE	HOLMES	SIR
LESTRADE	HOLMES	MR. HOLMES
LESTRADE	HOLMES	MR. HOLMES
LESTRADE	HOLMES	MR. HOLMES
LESTRADE	HOLMES	SIR
WATSON	HOLMES	HOLMES
HOLMES	WATSON	OLD CHAP
LESTRADE	HOLMES	MR. HOLMES
LESTRADE	HOLMES	MR. SHERLOCK HOLMES
LESTRADE	WATSON	DOCTOR WATSON
ISABEL	HOLMES	MR. HOLMES
ISABEL	WATSON	DR. WATSON
HOLMES	RUSH	SIR
LESTRADE	HOLMES	MR. HOLMES
ISABEL	HOLMES	MR. HOLMES
ISABEL	HOLMES	MR. HOLMES
HOLMES	WATSON	WATSON
ISABEL	HOLMES	MR. HOLMES
HOLMES	HOLMES	SHERLOCK HOLMES
HOLMES	WATSON	DOCTOR WATSON
BLACK	HOLMES	MR. HOLMES
WATSON	BLACK	SIR
BLACK	HOLMES	MR. HOLMES
BLACK	HOLMES	MR. HOLMES
WATSON	HOLMES	HOLMES
HOLMES	WATSON	OLD CHAP
HOLMES	WATSON	WATSON
WATSON	HOLMES	HOLMES
HOLMES	WATSON	OLD CHAP
HOLMES	WATSON	WATSON
FORMAN	WATSON	DOCTOR WATSON
FORMAN	HOLMES	SHERLOCK HOLMES
FORMAN	HOLMES	SHERLOCK HOLMES
FORMAN	WATSON	DOCTOR WATSON
WATSON	HOLMES	HOLMES
HOLMES	WATSON	OLD CHAP
HOLMES	WATSON	MY DEAR WATSON
HOLMES	WATSON	OLD FELLOW
WATSON	HOLMES	HOLMES
WATSON	HOLMES	HOLMES
STANLEY	HOLMES	SHERLOCK HOLMES
HOLMES	WATSON	WATSON
LESTRADE	HOLMES	MR. HOLMES
LESTRADE	WATSON	DOCTOR WATSON
STANLEY	HOLMES	MR. HOLMES
HOLMES	WATSON	DOCTOR WATSON
LESTRADE	HOLMES	MR. HOLMES
LESTRADE	HOLMES	MR. HOLMES
WATSON	HOLMES	HOLMES
LESTRADE	HOLMES	MR. HOLMES
BLACK	HOLMES	SHERLOCK HOLMES
WATSON	HOLMES	HOLMES
HOLMES	WATSON	OLD CHAP
STANLEY	HOLMES	MR. HOLMES
STANLEY	HOLMES	HOLMES
LESTRADE	HOLMES	MR. HOLMES
WATSON	HOLMES	HOLMES
LESTRADE	HOLMES	MR. HOLMES
LESTRADE	HOLMES	MR. HOLMES
LESTRADE	LESTRADE	SIR
LESTRADE	HOLMES	MR. HOLMES
FORMAN	WATSON	DR. WATSON
FORMAN	WATSON	SIR
FORMAN	WATSON	DOCTOR WATSON
WATSON	HOLMES	SHERLOCK HOLMES
FORMAN	HOLMES	SHERLOCK HOLMES
FORMAN	HOLMES	SHERLOCK HOLMES
FORMAN	HOLMES	SHERLOCK HOLMES
ANNOUNCER	HOLMES	SHERLOCK HOLMES
ANNOUNCER	WATSON	DR. WATSON
ANNOUNCER	HOLMES	SHERLOCK HOLMES
WATSON	HOLMES	SHERLOCK HOLMES
HOLMES	WATSON	WATSON
MAID	STRANGER	SIR
MAID	STRANGER	SIR
MAID	STRANGER	SIR
HOLMES	WATSON	MY DEAR WATSON
HOLMES	WATSON	WATSON
COLONEL	HOLMES	MR. HOLMES
HOLMES	COLONEL	SIR
HOLMES	WATSON	MY DEAR WATSON
WATSON	HOLMES	HOLMES
HOLMES	WATSON	WATSON
INSPECTOR	HOLMES	SHERLOCK HOLMES
	HOLMES	SIR
	HOLMES	SIR
	HOLMES	SIR
	HOLMES	SIR
COLONEL	HOLMES	MR. HOLMES
WATSON	HOLMES	SHERLOCK HOLMES
WATSON	HOLMES	HOLMES
COLONEL	HOLMES	MR. HOLMES
COLONEL	HOLMES	SIR
WATSON	HOLMES	HOLMES
GROOM	HOLMES	SIR
HOLMES	BROWN	SIR
BROWN	HOLMES	SIR
BROWN	HOLMES	SIR
HOLMES	WATSON	WATSON
INSPECTOR	HOLMES	MR. HOLMES
WATSON	HOLMES	HOLMES
WATSON	HOLMES	HOLMES
COLONEL	HOLMES	SIR
COLONEL	HOLMES	MR. HOLMES
WATSON	HOLMES	HOLMES
COLONEL	HOLMES	MY DEAR FELLOW
HOLMES	WATSON	MY DEAR WATSON
ANNOUNCER	HOLMES	SHERLOCK HOLMES
ANNOUNCER	WATSON	DR. WATSON
ANNOUNCER	HOLMES	SHERLOCK HOLMES
ANNOUNCER	WATSON	DR. WATSON
ANNOUNCER	HOLMES	SHERLOCK HOLMES
ANNOUNCER	WATSON	DR. WATSON
ANNOUNCER	HOLMES	SHERLOCK HOLMES
WATSON	HOLMES	SHERLOCK HOLMES
ANNOUNCER	HOLMES	SHERLOCK HOLMES
WATSON	HOLMES	HOLMES
WATSON	HOLMES	HOLMES
HOLMES	WATSON	WATSON
WATSON	HOLMES	OLD FELLOW
HOLMES	WATSON	WATSON
HOLMES	WATSON	MY DEAR FELLOW
WATSON	HOLMES	HOLMES
HOLMES	WATSON	WATSON
WATSON	HOLMES	HOLMES
HOLMES	WATSON	MY DEAR FELLOW
HOLMES	WATSON	OLD FELLOW
IAN	WATSON	DR. WATSON
IAN	HOLMES	MR. HOLMES
WATSON	HOLMES	HOLMES
IAN	HOLMES	MR. HOLMES
IAN	HOLMES	MR. HOLMES
IAN	HOLMES	SHERLOCK HOLMES
IAN	WATSON	DR. WATSON
WALTER	WATSON	WATSON
WALTER	HOLMES	SHERLOCK HOLMES
WATSON	HERBERT	SIR
WALTER	HOLMES	HOLMES
WALTER	HOLMES	SHERLOCK HOLMES
WALTER	WATSON	DR. WATSON
WATSON	HOLMES	HOLMES
WATSON	HOLMES	HOLMES
HERBERT	WATSON	DR. WATSON
IAN	HOLMES	MR. HOLMES
HOLMES	WATSON	MY DEAR WATSON
WALTER	HOLMES	HOLMES
IAN	HOLMES	MR. HOLMES
ANGUS	WALTER	SIR
WATSON	HOLMES	HOLMES
HOLMES	WATSON	MY DEAR CHAP
WATSON	HOLMES	HOLMES
DOROTHY	WATSON	DR. WATSON
WATSON	HOLMES	HOLMES
HOLMES	WATSON	WATSON
HOLMES	WATSON	OLD FELLOW
DOROTHY	HOLMES	MR. HOLMES
ANNOUNCER	WATSON	DR. WATSON
ANNOUNCER	WATSON	DR. WATSON
ANGUS	IAN	SIR
IAN	HOLMES	HOLMES
HERBERT	WATSON	DR. WATSON
WATSON	HERBERT	SIR
WATSON	HERBERT	SIR
WATSON	HERBERT	SIR
WATSON	HOLMES	HOLMES
IAN	HOLMES	MR. HOLMES
WATSON	HOLMES	HOLMES
IAN	HOLMES	MR. HOLMES
WATSON	HOLMES	HOLMES
HOLMES	WATSON	WATSON
HOLMES	WATSON	WATSON
MURDOCK	WATSON	DR. WATSON
WATSON	HOLMES	HOLMES
HOLMES	WATSON	MY DEAR WATSON
HOLMES	WATSON	WATSON
DOROTHY	HOLMES	MR. HOLMES
WALTER	HOLMES	HOLMES
WALTER	HOLMES	HOLMES
WATSON	HOLMES	HOLMES
MURDOCK	HOLMES	MR. HOLMES
MURDOCK	HOLMES	MR. HOLMES
HOLMES	WATSON	WATSON
MURDOCK	HOLMES	MR. HOLMES
WATSON	HOLMES	HOLMES
WALTER	HOLMES	HOLMES
WALTER	HOLMES	HOLMES
WALTER	HOLMES	HOLMES
ANNOUNCER	HOLMES	MR. HOLMES
ANNOUNCER	HOLMES	SHERLOCK HOLMES
ANNOUNCER	HOLMES	SHERLOCK HOLMES
ANNOUNCER	HOLMES	SHERLOCK HOLMES
ANNOUNCER	WATSON	DR. WATSON
ANNOUNCER	HOLMES	SHERLOCK HOLMES
ANNOUNCER	WATSON	DR. WATSON
ANNOUNCER	WATSON	DR. WATSON
WATSON	HOLMES	HOLMES
WATSON	HOLMES	SHERLOCK HOLMES
HOLMES	WATSON	WATSON
WATSON	HOLMES	HOLMES
HOLMES	WATSON	MY DEAR CHAP
WATSON	HOLMES	HOLMES
HOLMES	WATSON	OLD FELLOW
HOLMES	WATSON	WATSON
HOLMES	WATSON	MY DEAR FELLOW
WATSON	HOLMES	HOLMES
HOLMES	WATSON	MY DEAR CHAP
HOLMES	KING	SIR
HOLMES	WATSON	DR. WATSON
WATSON	KING	SIR
HOLMES	KING	SIR
KING	HOLMES	MR. HOLMES
HOLMES	KING	SIR
HOLMES	KING	YOUR MAJESTY
KING	HOLMES	MR. HOLMES
WATSON	KING	YOUR MAJESTY
HOLMES	WATSON	WATSON
HOLMES	WATSON	OLD CHAP
HOLMES	KING	YOUR MAJESTY
WATSON	KING	YOUR MAJESTY
HOLMES	KING	YOUR MAJESTY
WATSON	KING	YOUR MAJESTY
KING	WATSON	DR. WATSON
KING	HOLMES	MR. HOLMES
WATSON	KING	YOUR MAJESTY
HOLMES	KING	SIR
HOLMES	KING	YOUR MAJESTY
HOLMES	KING	YOUR MAJESTY
KING	HOLMES	MR. HOLMES
KING	WATSON	DR. WATSON
WATSON	KING	YOUR MAJESTY
WATSON	HOLMES	HOLMES
HOLMES	WATSON	MY DEAR CHAP
WATSON	HOLMES	HOLMES
HOLMES	WATSON	MY DEAR FELLOW
WATSON	HOLMES	HOLMES
HOLMES	WATSON	OLD CHAP
WATSON	HOLMES	HOLMES
HOLMES	WATSON	WATSON
HOLMES	WATSON	WATSON
HOLMES	WATSON	WATSON
ANNOUNCER	WATSON	DR. WATSON
ANNOUNCER	HOLMES	SHERLOCK HOLMES
WATSON	HOLMES	HOLMES
WATSON	HOLMES	HOLMES
HOLMES	WATSON	WATSON
HOLMES	WATSON	WATSON
WATSON	HOLMES	HOLMES
HOLMES	WATSON	WATSON
WATSON	HOLMES	HOLMES
HOLMES	WATONS	MY DEAR FELLOW
HOLMES	WATSON	MY DEAR FELLOW
HOLMES	WATSON	OLD FELLOW
WATSON	HOLMES	HOLMES
HOLMES	WATSON	OLD CHAP
HOLMES	WATSON	WATSON
HATTIE	HOLMES	SHERLOCK HOLMES
WATSON	HOLMES	MR. HOLMES
WATSON	HOLMES	HOLMES
HOLMES	WATSON	OLD CHAP
HOLMES	WATSON	MY DEAR FELLOW
HOLMES	WATSON	MY DEAR CHAP
WATSON	KING	YOUR MAJESTY
KING	HOLMES	MR. HOLMES
HOLMES	KING	YOUR MAJESTY
HOLMES	KING	YOUR MAJESTY
MAID	HOLMES	SHERLOCK HOLMES
HOLMES	HOLMES	MR. HOLMES
KING	HOLMES	MR. HOLMES
HOLMES	KING	YOUR MAJESTY
WATSON	HOLMES	HOLMES
HOLMES	HOLMES	SHERLOCK HOLMES
WATSON	HOLMES	HOLMES
HOLMES	HOLMES	SHERLOCK HOLMES
HOLMES	WATSON	WATSON
HOLMES	KING	YOUR MAJESTY
KING	HOLMES	MY DEAR SIR
WATSON	KING	YOUR MAJESTY
HOLMES	KING	YOUR MAJESTY
HOLMES	KING	SIR
HOLMES	KING	YOUR MAJESTY
ANNOUNCER	WATSON	DR. WATSON
ANNOUNCER	HOLMES	SHERLOCK HOLMES
ANNOUNCER	HOLMES	SHERLOCK HOLMES
ANNOUNCER	HOLMES	SHERLOCK HOLMES
ANNOUNCER	HOLMES	SHERLOCK HOLMES
MANNING	HOLMES	SHERLOCK HOLMES
MANNING	HOLMES	SHERLOCK HOLMES
MANNING	HOLMES	SHERLOCK HOLMES
MANNING	WATSON	DOCTOR WATSON
	WATSON	DOCTOR WATSON
	WATSON	WATSON
WATSON	HOLMES	HOLMES
MANNING	HOLMES	SHERLOCK HOLMES
WATSON	HOLMES	HOLMES
WATSON	HOLMES	HOLMES
WATSON	HOLMES	HOLMES
WATSON	HOLMES	HOLMES
WATSON	HOLMES	HOLMES
HOLMES	WATSON	MY DEAR WATSON
HOLMES	WATSON	MY DEAR WATSON
WATSON	SHERLOCK	MY DEAR SHERLOCK
HOLMES	WATSON	WATSON
MUSGRAVE	HOLMES	HOLMES
MUSGRAVE	HOLMES	MY DEAR FELLOW
MUSGRAVE	HOLMES	MR. HOLMES
ALFRED	MUSGRAVE	SIR
BRUNTON	MUSGRAVE	SIR
BRUNTON	MUSGRAVE	SIR
BRUNTON	MUSGRAVE	SIR
BRUNTON	MUSGRAVE	SIR
HOLMES	MUSGRAVE	MY DEAR FELLOW
MUSGRAVE	HOLMES	HOLMES
MUSGRAVE	HOLMES	HOLMES
MUSGRAVE	HOLMES	HOLMES
MANNING	HOLMES	SHERLOCK HOLMES
MUSGRAVE	HOLMES	HOLMES
MAN	HOLMES	SIR
MAN	MUSGRAVE	SIR
MUSGRAVE	HOLMES	HOLMES
MUSGRAVE	HOLMES	HOLMES
MUSGRAVE	HOLMES	HOLMES
HOLMES	MUSGRAVE	MY DEAR FELLOW
MUSGRAVE	HOLMES	HOLMES
MUSGRAVE	HOLMES	HOLMES
MANNING	WATSON	DOCTOR WATSON
WATSON	HOLMES	HOLMES
MANNING	WATSON	DR. WATSON
MANNING	WATSON	DOCTOR WATSON
WATSON	HOLMES	HOLMES
MANNING	HOLMES	SHERLOCK HOLMES
MANNING	HOLMES	SHERLOCK HOLMES
MANNING	WATSON	DOCTOR WATSON
ANNOUNCER	HOLMES	SHERLOCK HOLMES
ANNOUNCER	WATSON	DR. WATSON
ANNOUNCER	HOLMES	SHERLOCK HOLMES
ANNOUNCER	WATSON	DR. WATSON
WATSON	HOLMES	SHERLOCK HOLMES
TETFIELD	HOLMES	MR. HOLMES
TETFIELD	HOLMES	MR. HOLMES
TETFIELD	HOLMES	MR. HOLMES
TETFIELD	HOLMES	MR. HOLMES
TETFIELD	WATSON	DR. WATSON
TETFIELD	HOLMES	MR. HOLMES
TETFIELD	HOLMES	MR. HOLMES
TETFIELD	HOLMES	MR. HOLMES
HOLMES	WATSON	WATSON
TETFIELD	HOLMES	MR. HOLMES
WATSON	HOLMES	HOLMES
TETFIELD	HOLMES	MR. HOLMES
HOLMES	WATSON	WATSON
HOLMES	WATSON	OLD CHAP
HOLMES	WATSON	WATSON
COLONEL	HOLMES	MONSIEUR SHERLOCK HOLMES
COLONEL	WATSON	DR. WATSON
COLONEL	HOLMES	SHERLOCK HOLMES
COLONEL	HOLMES	MONSIEUR HOLMES
COLONEL	HOLMES	MONSIEUR HOLMES
HOLMES	WATSON	WATSON
WATSON	HOLMES	HOLMES
HOLMES	WATSON	OLD FELLOW
RAFI	HOLMES	MR. HOLMES
HOLMES	WATSON	OLD CHAP
WATSON	HOLMES	HOLMES
HOLMES	WATSON	WATSON
HOLMES	WATSON	WATSON
HOLMES	WATSON	OLD FELLOW
LEAMING	HOLMES	SHERLOCK HOLMES
LEAMING	WATSON	DR. WATSON
LEAMING	HOLMES	MR. HOLMES
LEAMING	HOLMES	MR. HOLMES
LEAMING	HOLMES	SHERLOCK HOLMES
HOLMES	WATSON	WATSON
HOLMES	WATSON	OLD CHAP
HOLMES	WATSON	WATSON
ANNOUNCER	WATSON	DR. WATSON
	HOLMES	SHERLOCK HOLMES
WATSON	HOLMES	HOLMES
WATSON	HOLMES	HOLMES
HOLMES	WATSON	OLD FELLOW
HOLMES	WATSON	OLD CHAP
HOLMES	WATSON	WATSON
WATSON	HOLMES	HOLMES
WATSON	HOLMES	HOLMES
HOLMES	WATSON	WATSON
HOLMES	HOLMES	SHERLOCK HOLMES
WATSON	AYISHA	MY DEAR
HOLMES	MILTON	SIR
WATSON	MILTON	SIR
MILTON	HOLMES	MR. HOLMES
MILTON	WATSON	DR. WATSON
WATSON	MILTON	SIR
WATSON	HOLMES	HOLMES
HOLMES	MILTON	SIR
COMMISSIONER	MILTON	SIR
COMMISSIONER	MILTON	SIR
HOLMES	WATSON	WATSON
HOLMES	MILTON	SIR
WATSON	HOLMES	HOLMES
HOLMES	MILTON	OLD FELLOW
MILTON	HOLMES	MR. HOLMES
HOLMES	MILTON	MY DEAR SIR
HOLMES	MILTON	SIR
MILTON	HOLMES	HOLMES
HOLMES	WATSON	WATSON
WATSON	HOLMES	HOLMES
HOLMES	WATSON	OLD CHAP
WATSON	HOLMES	HOLMES
HOLMES	WATSON	WATSON
WATSON	HOLMES	HOLMES
PORTER	WATSON	DR. WATSON
ANNOUNCER	HOLMES	SHERLOCK HOLMES
ANNOUNCER	HOLMES	SHERLOCK HOLMES
ANNOUNCER	HOLMES	SHERLOCK HOLMES
ANNOUNCER	WATSON	DR. WATSON
ANNOUNCER	HOLMES	SHERLOCK HOLMES
ANNOUNCER	WATSON	DR. WATSON
ANNOUNCER	WATSON	DR. WATSON
BELL	WATSON	DR. WATSON
BELL	WATSON	DR. WATSON
WATSON	HOLMES	HOLMES
WATSON	HOLMES	HOLMES
WATSON	HOLMES	HOLMES
HOLMES	WATSON	WATSON
HOLMES	WATSON	WATSON
HOLMES	WATSON	WATSON
MARY	WATSON	SIR
WATSON	HOLMES	HOLMES
HOLMES	WATSON	WATSON
WATSON	HOLMES	HOLMES
HOLMES	WATSON	WATSON
GILLIAN	HOLMES	MR. HOLMES
GILLIAN	HOLMES	MR. HOLMES
WATSON	HOLMES	MR. HOLMES
GILLIAN	WATSON	DR. WATSON
GILLIAN	HOLMES	SIR
GILLIAN	WATSON	SIR
	HOLMES	MR. HOLMES
	HOLMES	MR. HOLMES
	HOLMES	MR. HOLMES
	HOLMES	MR. HOLMES
WATSON	HOLMES	HOLMES
MICHOL	HOLMES	MR. HOLMES
MICHOL	WATSON	DOCTOR WATSON
	HOLMES+WATSON	SIRS
	HOLMES	SIR
	HOLMES	SIR
	HOLMES	SIR
	HOLMES	MR. HOLMES
	HOLMES	MR. HOLMES
	HOLMES+WATSON	SIRS
WATSON	HOLMES	HOLMES
HOLMES	WATSON	WATSON
WATSON	HOLMES	HOLMES
HOLMES	WATSON	WATSON
MICHOL	HOLMES	SIR
MICHOL	WATSON	SIR
HOLMES	WATSON	WATSON
MARY	HOLMES	MR. HOLMES
MARY	WATSON	DR. WATSON
HOLMES	WATSON	WATSON
MARY	HOLMES	SIR
MARY	HOLMES	MR. HOLMES
GILLIAN	HOLMES	MR. HOLMES
GILLIAN	WATSON	DR. WATSON
GILLIAN	WATSON	SIR
HOLMES	WATSON	WATSON
WATSON	WATSON	WATSON
GILLIAN	HOLMES	SIR
GILLIAN	WATSON	SIR
HOLMES	WATSON	WATSON
MARY	HOLMES	MR. HOLMES
WATSON	HOLMES	HOLMES
WATSON	HOLMES	HOLMES
WATSON	HOLMES	HOLMES
HOLMES	WATSON	WATSON
HOLMES	WATSON	DR. WATSON
TOM	WATSON	DR. WATSON
WATSON	TOME	SIR
TOM	WATSON	DR. WATSON
HOLMES	WATSON	WATSON
TOM	HOLMES	MR. HOLMES
HOLMES	WATSON	WATSON
BELL	WATSON	DR. WATSON
WATSON	HOLMES	HOLMES
TOM	HOLMES	MR. HOLMES
TOM	HOLMES	MR. HOLMES
HOLMES	WATSON	WATSON
TOM	HOLMES	MR. HOLMES
HOLMES	WATSON	WATSON
WATSON	HOLMES	HOLMES
MICHOL	WATSON	DR. WATSON
MICHOL	HOLMES	MR. HOLMES
HOLMES	WATSON	OLD CHAP
HOLMES	WATSON	WATSON
HOLMES	WATSON	WATSON
GILLIAN	HOLMES	MR. HOLMES
GILLIAN	WATSON	DR. WATSON
GILLIAN	HOLMES	SIR
GILLIAN	GILLIAN	SIR
GILLIAN	HOLMES	MR. HOLMES
GILLIAN	HOLMES	MR. HOLMES
WATSON	HOLMES	HOLMES
HOLMES	WATSON	WATSON
WATSON	HOLMES	HOLMES
HOLMES	WATSON	WATSON
WATSON	HOLMES	HOLMES
HOLMES	WATSON	WATSON
BELL	WATSON	DR. WATSON
WATSON	HOLMES	SHERLOCK HOLMES
ANNOUNCER	HOLMES	SHERLOCK HOLMES
ANNOUNCER	HOLMES	SHERLOCK HOLMES
ANNOUNCER	WATSON	DR. WATSON
Forman	HOLMES	SHERLOCK HOLMES
Forman	WATSON	WATSON
Watson	HOLMES	HOLMES
Watson	HOLMES	HOLMES
Watson	HOLMES	HOLMES
Watson	HOLMES	HOLMES
Forman	HOLMES	SHERLOCK HOLMES
Watson	HOLMES	HOLMES
Watson	HOLMES	HOLMES
Watson	CHAREL	MONSIEUR CHAREL
Charel	WATSON	DR. WATSON
Watson	HOLMES	HOLMES
Holmes	WATSON	WATSON
Holmes	CHAREL	MONSIEUR CHAREL
Charel	HOLMES	MR. HOLMES
Watson	HOLMES	HOLMES
Holmes	CHAREL	MONSIEUR CHAREL
Holmes	CHAREL	MONSIEUR CHAREL
Charel	HOLMES	MONSIEUR HOLMES
Gendarme	HOLMES	MONSIEUR
Watson	HOLMES	HOLMES
Holmes	WATSON	MY DEAR CHAP
Holmes	CHAREL	MONSIEUR CHAREL
Watson	HOLMES	HOLMES
Watson	HOLMES	HOLMES
Prefect	HOLMES	MONSIEUR SHERLOCK HOLMES
Prefect	HOLMES	MR. HOLMES
Holmes	PREFECT	MONSIEUR LE PREFECT
Reggie	PREFECT	MONSIEUR LE PREFECT
Prefect	HOLMES	MONSIEUR HOLMES
	HOLMES	MR. HOLMES
Holmes	WATSON	DOCTOR WATSON
Reggie	WATSON	DOCTOR WATSON
Reggie	HOLMES	MR. HOLMES
Reggie	WATSON	DOCTOR WATSON
Reginald	DUC	MONSIEUR LE DUC.
Charel	HOLMES	MONSIEUR SHERLOCK HOLMES
Charel	WATSON	DOCTOR WATSON
Watson	CHAREL	SIR
Reggie	CHAREL	MONSIEUR CHAREL
Charel	HOLMES	MONSIEUR HOLMES
Reggie	HOLMES	MR. HOLMES
Reggie	WATSON	DOCTOR WATSON
Holmes	WATSON	WATSON
Holmes	WATSON	OLD CHAP
Watson	HOLMES	HOLMES
Reggie	HOLMES	MR. HOLMES
Reggie	HOLMES	MR. HOLMES
Prefect	HOLMES	MR. HOLMES
Holmes	PREFECT	MONSIEUR
Holmes	CHAREL	MONSIEUR CHAREL
Holmes	WATSON	DOCTOR WATSON
Holmes	CHAREL	MONSIEUR CHAREL
Charel	HOLMES	MONSIEUR SHERLOCK HOLMES
Holmes	CHAREL	MONSIEUR
Holmes	CHAREL	MONSIEUR CHAREL
Charel	WATSON	DOCTOR WATSON
Charel	HOLMES	MONSIEUR HOLMES
Charel	HOLMES	MONSIEUR HOLMES
Prefect	HOLMES	MONSIEUR HOLMES
Prefect	WATSON	DOCTOR WATSON
Holmes	PREFECT	MONSIEUR LE PREFECT
Charel	HOLMES	SHERLOCK HOLMES
Holmes	CHAREL	MONSIEUR CHAREL
Reggie	HOLMES	HOLMES
Charel	HOLMES	HOLMES
Charel	WATSON	DOCTOR WATSON
Forman	HOLMES	SHERLOCK HOLMES
Forman	WATSON	DOCTOR WATSON
Forman	HOLMES	HOLMES
Prefect	HOLMES	HOLMES
Holmes	PREFECT	MONSIEUR LE PREFECT
Holmes	PREFECT	MONSIEUR LE PREFECT
Duc	PREFEE	MONSIEUR LE PREFEE
Prefect	DUC	MONSIEUR LE DUC
Reggie	PREFECT	MONSIEUR LE PREFECT
Prefect	HOLMES	MONSIEUR SHERLOCK HOLMES
Duc	PREFEE	MONSIEUR LE PREFEE
Prefect	HOLMES	HOLMES
Holmes	PREFECT	MONSIEUR LE PREFECT
Holmes	CHAREL	MONSIEUR CHAREL
Holmes	WATSON	DOCTOR WATSON
Holmes	BONCOURT	MONSIEUR LE DUC DE BONCOURT
Prefect	HOLMES	MONSIEUR HOLMES
Holmes	WATSON	DOCTOR WATSON
Watson	HOLMES	HOLMES
Holmes	PREFECT	MONSIEUR LE PREFECT
Watson	PREFECT	MONSIEUR LE PREFECT
Watson	HOLMES	MR. HOLMES
Watson	HOLMES	HOLMES
Holmes	PREFECT	MONSIEUR LE PREFECT
Henri	CHAREL	MONSIEUR CHAREL
Prefect	CHAREL	MONSIEUR CHAREL
Henri	PREFEE	MONSIEUR LE PREFEE
Henri	CHAREL	MONSIEUR CHAREL
Henri	CHAREL	MONSIEUR CHAREL
Watson	HOLMES	HOLMES
Holmes	WATSON	WATSON
Watson	HOLMES	HOLMES
Watson	HOLMES	HOLMES
Watson	HOLMES	HOLMES
Campbell	HOLMES	SHERLOCK HOLMES
Campbell	HOLMES	SHERLOCK HOLMES
ANNOUNCER	HOLMES	SHERLOCK HOLMES
ANNOUNCER	HOLMES	SHERLOCK HOLMES
ANNOUNCER	WATSON	DR. WATSON
ANNOUNCER	HOLMES	SHERLOCK HOLMES
ANNOUNCER	WATSON	DR. WATSON
WATSON	HOLMES	SHERLOCK HOLMES
HOLMES	WATSON	MY DEAR FELLOW
WATSON	HOLMES	HOLMES
HOLMES	WATSON	MY DEAR FELLOW
HOLMES	DUNBAR	GRACE DUNBAR
WATSON	HOLMES	SHERLOCK HOLMES
WATSON	DUNBAR	MISS DUNBAR
HOLMES	WATSON	WATSON
HOLMES	DUNBAR	MISS DUNBAR
HOLMES	DUNBAR	MISS DUNBAR
WATSON	HOLMES	HOLMES
HOLMES	DUNBAR	MISS DUNBAR
HOLMES	WATSON	WATSON
HOLMES	WATSON	OLD CHAP
WATSON	HOLMES	HOLMES
WATSON	GIBSON	SIR
GIBSON	HOLMES	MR. SHERLOCK HOLMES
WATSON	WATSON	DR. WATSON
GIBSON	HOLMES	SHERLOCK HOLMES
HOLMES	WATSON	DR. WATSON
GIBSON	DUNBAR	MISS DUNBAR
HOLMES	DUNBAR	MISS DUNBAR
GIBSON	HOLMES	MR. HOLMES
GIBSON	DUNBAR	MISS DUNBAR
GIBSON	HOLMES	MR. HOLMES
HOLMES	GIBSON	MY DEAR SIR
GIBSON	HOLMES	SIR
GIBSON	HOLMES	MR. HOLMES
WATSON	HOLMES	HOLMES
HOLMES	WATSON	WATSON
HOLMES	WATSON	DR. WATSON
GIBSON	HOLMES	MR. HOLMES
GIBSON	DUNBAR	MISS DUNBAR
GIBSON	HOLMES	MR. HOLMES
WATSON	GIBSON	SIR
HOLMES	DUNBAR	MISS DUNBAR
GIBSON	HOLMES	MR. HOLMES
WATSON	GIBSON	SIR
GIBSON	HOLMES	MR. HOLMES
HOLMES	GIBSON	SIR
HOLMES	DUNBAR	MISS DUNBAR
GIBSON	HOLMES	MR. HOLMES
GIBSON	DUNBAR	MISS DUNBAR
WATSON	HOLMES	HOLMES
GIBSON	HOLMES	MR. HOLMES
HOLMES	WATSON	WATSON
HOLMES	WATSON	OLD FELLOW
SERGEANT	HOLMES	MR. 'OLMES
SERGEANT	WATSON	DR. WATSON
WATSON	SERGEANT	MY DEAR FELLOW
SERGEANT	HOLMES	MR. 'OLMES
SERGEANT	HOLMES	SIR
SERGEANT	DUNBAR	MISS DUNBAR
SERGEANT	HOLMES	SIR
SERGEANT	HOLMES	SIR
SERGEANT	HOLMES	SIR
SERGEANT	DUNBAR	MISS DUNBAR
SERGEANT	HOLMES	SIR
HOLMES	DUNBAR	MISS DUNBAR
SERGEANT	HOLMES	SIR
HOLMES	WATSON	OLD FELLOW
SERGEANT	HOLMES	SIR
HOLMES	WATSON	WATSON
WATSON	HOLMES	HOLMES
SERGEANT	HOLMES	MR. 'OLMES
SERGEANT	HOLMES	SIR
SERGEANT	HOLMES	MR. 'OLMES
SERGEANT	HOLMES	MR. 'OLMES
HOLMES	WATSON	WATSON
CESAR	HOLMES	SEÑOR
CESAR	HOLMES	SEÑOR
CESAR	HOLMES	SEÑOR
WATSON	HOLMES	HOLMES
WATSON	DUNBAR	MISS DUNBAR
WATSON	HOLMES	HOLMES
HOLMES	WATSON	OLD CHAP
HOLMES	WATSON	MY DEAR CHAP
WATSON	DUNBAR	MISS DUNBAR
HOLMES	WATSON	WATSON
HOLMES	WATSON	OLD CHAP
HOLMES	DUNBAR	MISS DUNBAR
ANNOUNCER	WATSON	DR. WATSON
ANNOUNCER	WATSON	DR. WATSON
ANNOUNCER	HOLMES	SHERLOCK HOLMES
WATSON	HOLMES	HOLMES
HOLMES	DUNBAR	MISS DUNBAR
DUNBAR	HOLMES	MR. HOLMES
WATSON	DUNBAR	MISS DUNBAR
DUNBAR	WATSON	DOCTOR
DUNBAR	HOLMES	MR. HOLMES
DUNBAR	WATSON	DOCTOR
DUNBAR	HOLMES	MR. HOLMES
WATSON	DUNBAR	MISS DUNBAR
HOLMES	DUNBAR	MISS DUNBAR
DUNBAR	HOLMES	HOLMES
HOLMES	WATSON	WATSON
WATSON	HOLMES	HOLMES
HOLMES	WATSON	OLD FELLOW
DUNBAR	HOLMES	MR. HOLMES
SERGEANT	HOLMES	MR. 'OLMES
HOLMES	WATSON	WATSON
HOLMES	WATSON	OLD CHAP
HOLMES	WATSON	WATSON
HOLMES	DUNBAR	MISS DUNBAR
SERGEANT	HOLMES	SIR
SERGEANT	HOLMES	SIR
WATSON	HOLMES	HOLMES
HOLMES	WATSON	WATSON
HOLMES	DUNBAR	MISS DUNBAR
SERGEANT	HOLMES	MR. HOLMES
SERGEANT	HOLMES	SIR
SERGEANT	HOLMES	MR. HOLMES
HOLMES	WATSON	WATSON
WATSON	HOLMES	HOLMES
HOLMES	WATSON	OLD CHAP
HOLMES	WATSON	WATSON
SERGEANT	HOLMES	MR. 'OLMES
HOLMES	DUNBAR	MISS DUNBAR
SERGEANT	DUNBAR	MISS DUNBAR
HOLMES	DUNBAR	MISS DUNBAR
WATSON	HOLMES	HOLMES
HOLMES	WATSON	OLD CHAP
WATSON	HOLMES	HOLMES
HOLMES	WATSON	OLD FELLOW
WATSON	HOLMES	MR. 'OLMES
ANNOUNCER	HOLMES	HOLMES
ANNOUNCER	WATSON	DR. WATSON
WATSON	HOLMES	HOLMES
ANNOUNCER	HOLMES	SHERLOCK HOLMES
ANNOUNCER	HOLMES	SHERLOCK HOLMES
ANNOUNCER	HOLMES	SHERLOCK HOLMES
ANNOUNCER	HOLMES	SHERLOCK HOLMES
